file,basename,sample,iptm,ptm,drug,mutation,group
c:\Users\indef\Documents\NY\project\snakemake2\multimer_flattened\confidence_d16_trastuzumab_model_0_d16_trastuzumab_10_boltz_results_d16_trastuzumab_predictions_d16_trastuzumab.json,confidence_d16_trastuzumab_model_0_d16_trastuzumab_10_boltz_results_d16_trastuzumab_predictions_d16_trastuzumab,d16_trastuzumab,0.5117385387420654,0.6135425567626953,Trastuzumab,Δ16,Mutant
c:\Users\indef\Documents\NY\project\snakemake2\multimer_flattened\confidence_d16_trastuzumab_model_0_d16_trastuzumab_11_boltz_results_d16_trastuzumab_predictions_d16_trastuzumab.json,confidence_d16_trastuzumab_model_0_d16_trastuzumab_11_boltz_results_d16_trastuzumab_predictions_d16_trastuzumab,d16_trastuzumab,0.5252847075462341,0.6269817352294922,Trastuzumab,Δ16,Mutant
c:\Users\indef\Documents\NY\project\snakemake2\multimer_flattened\confidence_d16_trastuzumab_model_0_d16_trastuzumab_12_boltz_results_d16_trastuzumab_predictions_d16_trastuzumab.json,confidence_d16_trastuzumab_model_0_d16_trastuzumab_12_boltz_results_d16_trastuzumab_predictions_d16_trastuzumab,d16_trastuzumab,0.436936616897583,0.5925447940826416,Trastuzumab,Δ16,Mutant
c:\Users\indef\Documents\NY\project\snakemake2\multimer_flattened\confidence_d16_trastuzumab_model_0_d16_trastuzumab_13_boltz_results_d16_trastuzumab_predictions_d16_trastuzumab.json,confidence_d16_trastuzumab_model_0_d16_trastuzumab_13_boltz_results_d16_trastuzumab_predictions_d16_trastuzumab,d16_trastuzumab,0.4427848160266876,0.5984820127487183,Trastuzumab,Δ16,Mutant
c:\Users\indef\Documents\NY\project\snakemake2\multimer_flattened\confidence_d16_trastuzumab_model_0_d16_trastuzumab_14_boltz_results_d16_trastuzumab_predictions_d16_trastuzumab.json,confidence_d16_trastuzumab_model_0_d16_trastuzumab_14_boltz_results_d16_trastuzumab_predictions_d16_trastuzumab,d16_trastuzumab,0.5313862562179565,0.6333557963371277,Trastuzumab,Δ16,Mutant
c:\Users\indef\Documents\NY\project\snakemake2\multimer_flattened\confidence_d16_trastuzumab_model_0_d16_trastuzumab_15_boltz_results_d16_trastuzumab_predictions_d16_trastuzumab.json,confidence_d16_trastuzumab_model_0_d16_trastuzumab_15_boltz_results_d16_trastuzumab_predictions_d16_trastuzumab,d16_trastuzumab,0.43717509508132935,0.5978138446807861,Trastuzumab,Δ16,Mutant
c:\Users\indef\Documents\NY\project\snakemake2\multimer_flattened\confidence_d16_trastuzumab_model_0_d16_trastuzumab_16_boltz_results_d16_trastuzumab_predictions_d16_trastuzumab.json,confidence_d16_trastuzumab_model_0_d16_trastuzumab_16_boltz_results_d16_trastuzumab_predictions_d16_trastuzumab,d16_trastuzumab,0.5443603992462158,0.6411095261573792,Trastuzumab,Δ16,Mutant
c:\Users\indef\Documents\NY\project\snakemake2\multimer_flattened\confidence_d16_trastuzumab_model_0_d16_trastuzumab_17_boltz_results_d16_trastuzumab_predictions_d16_trastuzumab.json,confidence_d16_trastuzumab_model_0_d16_trastuzumab_17_boltz_results_d16_trastuzumab_predictions_d16_trastuzumab,d16_trastuzumab,0.5463278293609619,0.6405850052833557,Trastuzumab,Δ16,Mutant
c:\Users\indef\Documents\NY\project\snakemake2\multimer_flattened\confidence_d16_trastuzumab_model_0_d16_trastuzumab_18_boltz_results_d16_trastuzumab_predictions_d16_trastuzumab.json,confidence_d16_trastuzumab_model_0_d16_trastuzumab_18_boltz_results_d16_trastuzumab_predictions_d16_trastuzumab,d16_trastuzumab,0.5013480186462402,0.6382983326911926,Trastuzumab,Δ16,Mutant
c:\Users\indef\Documents\NY\project\snakemake2\multimer_flattened\confidence_d16_trastuzumab_model_0_d16_trastuzumab_20_boltz_results_d16_trastuzumab_predictions_d16_trastuzumab.json,confidence_d16_trastuzumab_model_0_d16_trastuzumab_20_boltz_results_d16_trastuzumab_predictions_d16_trastuzumab,d16_trastuzumab,0.4494036138057709,0.5970689058303833,Trastuzumab,Δ16,Mutant
c:\Users\indef\Documents\NY\project\snakemake2\multimer_flattened\confidence_d16_trastuzumab_model_0_d16_trastuzumab_2_boltz_results_d16_trastuzumab_predictions_d16_trastuzumab.json,confidence_d16_trastuzumab_model_0_d16_trastuzumab_2_boltz_results_d16_trastuzumab_predictions_d16_trastuzumab,d16_trastuzumab,0.46484804153442383,0.6135995388031006,Trastuzumab,Δ16,Mutant
c:\Users\indef\Documents\NY\project\snakemake2\multimer_flattened\confidence_d16_trastuzumab_model_0_d16_trastuzumab_3_boltz_results_d16_trastuzumab_predictions_d16_trastuzumab.json,confidence_d16_trastuzumab_model_0_d16_trastuzumab_3_boltz_results_d16_trastuzumab_predictions_d16_trastuzumab,d16_trastuzumab,0.44563648104667664,0.5975795984268188,Trastuzumab,Δ16,Mutant
c:\Users\indef\Documents\NY\project\snakemake2\multimer_flattened\confidence_d16_trastuzumab_model_0_d16_trastuzumab_4_boltz_results_d16_trastuzumab_predictions_d16_trastuzumab.json,confidence_d16_trastuzumab_model_0_d16_trastuzumab_4_boltz_results_d16_trastuzumab_predictions_d16_trastuzumab,d16_trastuzumab,0.5919638872146606,0.6700858473777771,Trastuzumab,Δ16,Mutant
c:\Users\indef\Documents\NY\project\snakemake2\multimer_flattened\confidence_d16_trastuzumab_model_0_d16_trastuzumab_5_boltz_results_d16_trastuzumab_predictions_d16_trastuzumab.json,confidence_d16_trastuzumab_model_0_d16_trastuzumab_5_boltz_results_d16_trastuzumab_predictions_d16_trastuzumab,d16_trastuzumab,0.4990178644657135,0.6152203679084778,Trastuzumab,Δ16,Mutant
c:\Users\indef\Documents\NY\project\snakemake2\multimer_flattened\confidence_d16_trastuzumab_model_0_d16_trastuzumab_6_boltz_results_d16_trastuzumab_predictions_d16_trastuzumab.json,confidence_d16_trastuzumab_model_0_d16_trastuzumab_6_boltz_results_d16_trastuzumab_predictions_d16_trastuzumab,d16_trastuzumab,0.48042404651641846,0.6129055619239807,Trastuzumab,Δ16,Mutant
c:\Users\indef\Documents\NY\project\snakemake2\multimer_flattened\confidence_d16_trastuzumab_model_0_d16_trastuzumab_7_boltz_results_d16_trastuzumab_predictions_d16_trastuzumab.json,confidence_d16_trastuzumab_model_0_d16_trastuzumab_7_boltz_results_d16_trastuzumab_predictions_d16_trastuzumab,d16_trastuzumab,0.4447218179702759,0.6068649888038635,Trastuzumab,Δ16,Mutant
c:\Users\indef\Documents\NY\project\snakemake2\multimer_flattened\confidence_d16_trastuzumab_model_0_d16_trastuzumab_8_boltz_results_d16_trastuzumab_predictions_d16_trastuzumab.json,confidence_d16_trastuzumab_model_0_d16_trastuzumab_8_boltz_results_d16_trastuzumab_predictions_d16_trastuzumab,d16_trastuzumab,0.44122785329818726,0.5999255776405334,Trastuzumab,Δ16,Mutant
c:\Users\indef\Documents\NY\project\snakemake2\multimer_flattened\confidence_d16_trastuzumab_model_0_d16_trastuzumab_9_boltz_results_d16_trastuzumab_predictions_d16_trastuzumab.json,confidence_d16_trastuzumab_model_0_d16_trastuzumab_9_boltz_results_d16_trastuzumab_predictions_d16_trastuzumab,d16_trastuzumab,0.5456555485725403,0.6475573778152466,Trastuzumab,Δ16,Mutant
c:\Users\indef\Documents\NY\project\snakemake2\multimer_flattened\confidence_K753E_lapatinib_model_0_K753E_lapatinib_10_boltz_results_K753E_lapatinib_predictions_K753E_lapatinib.json,confidence_K753E_lapatinib_model_0_K753E_lapatinib_10_boltz_results_K753E_lapatinib_predictions_K753E_lapatinib,K753E_lapatinib,0.9644573330879211,0.6771289110183716,Lapatinib,K753E,Mutant
c:\Users\indef\Documents\NY\project\snakemake2\multimer_flattened\confidence_K753E_lapatinib_model_0_K753E_lapatinib_11_boltz_results_K753E_lapatinib_predictions_K753E_lapatinib.json,confidence_K753E_lapatinib_model_0_K753E_lapatinib_11_boltz_results_K753E_lapatinib_predictions_K753E_lapatinib,K753E_lapatinib,0.9596824645996094,0.6501269936561584,Lapatinib,K753E,Mutant
c:\Users\indef\Documents\NY\project\snakemake2\multimer_flattened\confidence_K753E_lapatinib_model_0_K753E_lapatinib_12_boltz_results_K753E_lapatinib_predictions_K753E_lapatinib.json,confidence_K753E_lapatinib_model_0_K753E_lapatinib_12_boltz_results_K753E_lapatinib_predictions_K753E_lapatinib,K753E_lapatinib,0.9547282457351685,0.6522931456565857,Lapatinib,K753E,Mutant
c:\Users\indef\Documents\NY\project\snakemake2\multimer_flattened\confidence_K753E_lapatinib_model_0_K753E_lapatinib_13_boltz_results_K753E_lapatinib_predictions_K753E_lapatinib.json,confidence_K753E_lapatinib_model_0_K753E_lapatinib_13_boltz_results_K753E_lapatinib_predictions_K753E_lapatinib,K753E_lapatinib,0.9657703638076782,0.7458702325820923,Lapatinib,K753E,Mutant
c:\Users\indef\Documents\NY\project\snakemake2\multimer_flattened\confidence_K753E_lapatinib_model_0_K753E_lapatinib_14_boltz_results_K753E_lapatinib_predictions_K753E_lapatinib.json,confidence_K753E_lapatinib_model_0_K753E_lapatinib_14_boltz_results_K753E_lapatinib_predictions_K753E_lapatinib,K753E_lapatinib,0.9601017832756042,0.6492199301719666,Lapatinib,K753E,Mutant
c:\Users\indef\Documents\NY\project\snakemake2\multimer_flattened\confidence_K753E_lapatinib_model_0_K753E_lapatinib_15_boltz_results_K753E_lapatinib_predictions_K753E_lapatinib.json,confidence_K753E_lapatinib_model_0_K753E_lapatinib_15_boltz_results_K753E_lapatinib_predictions_K753E_lapatinib,K753E_lapatinib,0.9652618765830994,0.6713287234306335,Lapatinib,K753E,Mutant
c:\Users\indef\Documents\NY\project\snakemake2\multimer_flattened\confidence_K753E_lapatinib_model_0_K753E_lapatinib_16_boltz_results_K753E_lapatinib_predictions_K753E_lapatinib.json,confidence_K753E_lapatinib_model_0_K753E_lapatinib_16_boltz_results_K753E_lapatinib_predictions_K753E_lapatinib,K753E_lapatinib,0.9637195467948914,0.7312617897987366,Lapatinib,K753E,Mutant
c:\Users\indef\Documents\NY\project\snakemake2\multimer_flattened\confidence_K753E_lapatinib_model_0_K753E_lapatinib_17_boltz_results_K753E_lapatinib_predictions_K753E_lapatinib.json,confidence_K753E_lapatinib_model_0_K753E_lapatinib_17_boltz_results_K753E_lapatinib_predictions_K753E_lapatinib,K753E_lapatinib,0.9705172777175903,0.7852175831794739,Lapatinib,K753E,Mutant
c:\Users\indef\Documents\NY\project\snakemake2\multimer_flattened\confidence_K753E_lapatinib_model_0_K753E_lapatinib_18_boltz_results_K753E_lapatinib_predictions_K753E_lapatinib.json,confidence_K753E_lapatinib_model_0_K753E_lapatinib_18_boltz_results_K753E_lapatinib_predictions_K753E_lapatinib,K753E_lapatinib,0.9644476175308228,0.6567580103874207,Lapatinib,K753E,Mutant
c:\Users\indef\Documents\NY\project\snakemake2\multimer_flattened\confidence_K753E_lapatinib_model_0_K753E_lapatinib_19_boltz_results_K753E_lapatinib_predictions_K753E_lapatinib.json,confidence_K753E_lapatinib_model_0_K753E_lapatinib_19_boltz_results_K753E_lapatinib_predictions_K753E_lapatinib,K753E_lapatinib,0.9702038168907166,0.8060368299484253,Lapatinib,K753E,Mutant
c:\Users\indef\Documents\NY\project\snakemake2\multimer_flattened\confidence_K753E_lapatinib_model_0_K753E_lapatinib_1_boltz_results_K753E_lapatinib_predictions_K753E_lapatinib.json,confidence_K753E_lapatinib_model_0_K753E_lapatinib_1_boltz_results_K753E_lapatinib_predictions_K753E_lapatinib,K753E_lapatinib,0.9669055342674255,0.7362926602363586,Lapatinib,K753E,Mutant
c:\Users\indef\Documents\NY\project\snakemake2\multimer_flattened\confidence_K753E_lapatinib_model_0_K753E_lapatinib_20_boltz_results_K753E_lapatinib_predictions_K753E_lapatinib.json,confidence_K753E_lapatinib_model_0_K753E_lapatinib_20_boltz_results_K753E_lapatinib_predictions_K753E_lapatinib,K753E_lapatinib,0.9618287086486816,0.6645427942276001,Lapatinib,K753E,Mutant
c:\Users\indef\Documents\NY\project\snakemake2\multimer_flattened\confidence_K753E_lapatinib_model_0_K753E_lapatinib_2_boltz_results_K753E_lapatinib_predictions_K753E_lapatinib.json,confidence_K753E_lapatinib_model_0_K753E_lapatinib_2_boltz_results_K753E_lapatinib_predictions_K753E_lapatinib,K753E_lapatinib,0.9615036845207214,0.7236296534538269,Lapatinib,K753E,Mutant
c:\Users\indef\Documents\NY\project\snakemake2\multimer_flattened\confidence_K753E_lapatinib_model_0_K753E_lapatinib_3_boltz_results_K753E_lapatinib_predictions_K753E_lapatinib.json,confidence_K753E_lapatinib_model_0_K753E_lapatinib_3_boltz_results_K753E_lapatinib_predictions_K753E_lapatinib,K753E_lapatinib,0.9601213335990906,0.6823156476020813,Lapatinib,K753E,Mutant
c:\Users\indef\Documents\NY\project\snakemake2\multimer_flattened\confidence_K753E_lapatinib_model_0_K753E_lapatinib_4_boltz_results_K753E_lapatinib_predictions_K753E_lapatinib.json,confidence_K753E_lapatinib_model_0_K753E_lapatinib_4_boltz_results_K753E_lapatinib_predictions_K753E_lapatinib,K753E_lapatinib,0.963779866695404,0.7067930102348328,Lapatinib,K753E,Mutant
c:\Users\indef\Documents\NY\project\snakemake2\multimer_flattened\confidence_K753E_lapatinib_model_0_K753E_lapatinib_5_boltz_results_K753E_lapatinib_predictions_K753E_lapatinib.json,confidence_K753E_lapatinib_model_0_K753E_lapatinib_5_boltz_results_K753E_lapatinib_predictions_K753E_lapatinib,K753E_lapatinib,0.970554530620575,0.7550806403160095,Lapatinib,K753E,Mutant
c:\Users\indef\Documents\NY\project\snakemake2\multimer_flattened\confidence_K753E_lapatinib_model_0_K753E_lapatinib_6_boltz_results_K753E_lapatinib_predictions_K753E_lapatinib.json,confidence_K753E_lapatinib_model_0_K753E_lapatinib_6_boltz_results_K753E_lapatinib_predictions_K753E_lapatinib,K753E_lapatinib,0.9598905444145203,0.6620839238166809,Lapatinib,K753E,Mutant
c:\Users\indef\Documents\NY\project\snakemake2\multimer_flattened\confidence_K753E_lapatinib_model_0_K753E_lapatinib_7_boltz_results_K753E_lapatinib_predictions_K753E_lapatinib.json,confidence_K753E_lapatinib_model_0_K753E_lapatinib_7_boltz_results_K753E_lapatinib_predictions_K753E_lapatinib,K753E_lapatinib,0.9607588052749634,0.6619816422462463,Lapatinib,K753E,Mutant
c:\Users\indef\Documents\NY\project\snakemake2\multimer_flattened\confidence_K753E_lapatinib_model_0_K753E_lapatinib_9_boltz_results_K753E_lapatinib_predictions_K753E_lapatinib.json,confidence_K753E_lapatinib_model_0_K753E_lapatinib_9_boltz_results_K753E_lapatinib_predictions_K753E_lapatinib,K753E_lapatinib,0.9597922563552856,0.6590962409973145,Lapatinib,K753E,Mutant
c:\Users\indef\Documents\NY\project\snakemake2\multimer_flattened\confidence_L755S_lapatinib_model_0_L755S_lapatinib_10_boltz_results_L755S_lapatinib_predictions_L755S_lapatinib.json,confidence_L755S_lapatinib_model_0_L755S_lapatinib_10_boltz_results_L755S_lapatinib_predictions_L755S_lapatinib,L755S_lapatinib,0.9545588493347168,0.6424438953399658,Lapatinib,L755S,Mutant
c:\Users\indef\Documents\NY\project\snakemake2\multimer_flattened\confidence_L755S_lapatinib_model_0_L755S_lapatinib_11_boltz_results_L755S_lapatinib_predictions_L755S_lapatinib.json,confidence_L755S_lapatinib_model_0_L755S_lapatinib_11_boltz_results_L755S_lapatinib_predictions_L755S_lapatinib,L755S_lapatinib,0.9519025087356567,0.6379698514938354,Lapatinib,L755S,Mutant
c:\Users\indef\Documents\NY\project\snakemake2\multimer_flattened\confidence_L755S_lapatinib_model_0_L755S_lapatinib_12_boltz_results_L755S_lapatinib_predictions_L755S_lapatinib.json,confidence_L755S_lapatinib_model_0_L755S_lapatinib_12_boltz_results_L755S_lapatinib_predictions_L755S_lapatinib,L755S_lapatinib,0.95988529920578,0.6636173725128174,Lapatinib,L755S,Mutant
c:\Users\indef\Documents\NY\project\snakemake2\multimer_flattened\confidence_L755S_lapatinib_model_0_L755S_lapatinib_13_boltz_results_L755S_lapatinib_predictions_L755S_lapatinib.json,confidence_L755S_lapatinib_model_0_L755S_lapatinib_13_boltz_results_L755S_lapatinib_predictions_L755S_lapatinib,L755S_lapatinib,0.9632431864738464,0.684420108795166,Lapatinib,L755S,Mutant
c:\Users\indef\Documents\NY\project\snakemake2\multimer_flattened\confidence_L755S_lapatinib_model_0_L755S_lapatinib_14_boltz_results_L755S_lapatinib_predictions_L755S_lapatinib.json,confidence_L755S_lapatinib_model_0_L755S_lapatinib_14_boltz_results_L755S_lapatinib_predictions_L755S_lapatinib,L755S_lapatinib,0.9574105143547058,0.6392534375190735,Lapatinib,L755S,Mutant
c:\Users\indef\Documents\NY\project\snakemake2\multimer_flattened\confidence_L755S_lapatinib_model_0_L755S_lapatinib_15_boltz_results_L755S_lapatinib_predictions_L755S_lapatinib.json,confidence_L755S_lapatinib_model_0_L755S_lapatinib_15_boltz_results_L755S_lapatinib_predictions_L755S_lapatinib,L755S_lapatinib,0.9617958068847656,0.690791666507721,Lapatinib,L755S,Mutant
c:\Users\indef\Documents\NY\project\snakemake2\multimer_flattened\confidence_L755S_lapatinib_model_0_L755S_lapatinib_16_boltz_results_L755S_lapatinib_predictions_L755S_lapatinib.json,confidence_L755S_lapatinib_model_0_L755S_lapatinib_16_boltz_results_L755S_lapatinib_predictions_L755S_lapatinib,L755S_lapatinib,0.9601191878318787,0.6767691373825073,Lapatinib,L755S,Mutant
c:\Users\indef\Documents\NY\project\snakemake2\multimer_flattened\confidence_L755S_lapatinib_model_0_L755S_lapatinib_17_boltz_results_L755S_lapatinib_predictions_L755S_lapatinib.json,confidence_L755S_lapatinib_model_0_L755S_lapatinib_17_boltz_results_L755S_lapatinib_predictions_L755S_lapatinib,L755S_lapatinib,0.9544349908828735,0.6583573818206787,Lapatinib,L755S,Mutant
c:\Users\indef\Documents\NY\project\snakemake2\multimer_flattened\confidence_L755S_lapatinib_model_0_L755S_lapatinib_18_boltz_results_L755S_lapatinib_predictions_L755S_lapatinib.json,confidence_L755S_lapatinib_model_0_L755S_lapatinib_18_boltz_results_L755S_lapatinib_predictions_L755S_lapatinib,L755S_lapatinib,0.9761067628860474,0.7378423810005188,Lapatinib,L755S,Mutant
c:\Users\indef\Documents\NY\project\snakemake2\multimer_flattened\confidence_L755S_lapatinib_model_0_L755S_lapatinib_19_boltz_results_L755S_lapatinib_predictions_L755S_lapatinib.json,confidence_L755S_lapatinib_model_0_L755S_lapatinib_19_boltz_results_L755S_lapatinib_predictions_L755S_lapatinib,L755S_lapatinib,0.96699458360672,0.7299061417579651,Lapatinib,L755S,Mutant
c:\Users\indef\Documents\NY\project\snakemake2\multimer_flattened\confidence_L755S_lapatinib_model_0_L755S_lapatinib_1_boltz_results_L755S_lapatinib_predictions_L755S_lapatinib.json,confidence_L755S_lapatinib_model_0_L755S_lapatinib_1_boltz_results_L755S_lapatinib_predictions_L755S_lapatinib,L755S_lapatinib,0.9659549593925476,0.683325469493866,Lapatinib,L755S,Mutant
c:\Users\indef\Documents\NY\project\snakemake2\multimer_flattened\confidence_L755S_lapatinib_model_0_L755S_lapatinib_20_boltz_results_L755S_lapatinib_predictions_L755S_lapatinib.json,confidence_L755S_lapatinib_model_0_L755S_lapatinib_20_boltz_results_L755S_lapatinib_predictions_L755S_lapatinib,L755S_lapatinib,0.9555459022521973,0.6414875984191895,Lapatinib,L755S,Mutant
c:\Users\indef\Documents\NY\project\snakemake2\multimer_flattened\confidence_L755S_lapatinib_model_0_L755S_lapatinib_2_boltz_results_L755S_lapatinib_predictions_L755S_lapatinib.json,confidence_L755S_lapatinib_model_0_L755S_lapatinib_2_boltz_results_L755S_lapatinib_predictions_L755S_lapatinib,L755S_lapatinib,0.9687482714653015,0.7046524286270142,Lapatinib,L755S,Mutant
c:\Users\indef\Documents\NY\project\snakemake2\multimer_flattened\confidence_L755S_lapatinib_model_0_L755S_lapatinib_3_boltz_results_L755S_lapatinib_predictions_L755S_lapatinib.json,confidence_L755S_lapatinib_model_0_L755S_lapatinib_3_boltz_results_L755S_lapatinib_predictions_L755S_lapatinib,L755S_lapatinib,0.9620510339736938,0.6575364470481873,Lapatinib,L755S,Mutant
c:\Users\indef\Documents\NY\project\snakemake2\multimer_flattened\confidence_L755S_lapatinib_model_0_L755S_lapatinib_4_boltz_results_L755S_lapatinib_predictions_L755S_lapatinib.json,confidence_L755S_lapatinib_model_0_L755S_lapatinib_4_boltz_results_L755S_lapatinib_predictions_L755S_lapatinib,L755S_lapatinib,0.9643435478210449,0.673044741153717,Lapatinib,L755S,Mutant
c:\Users\indef\Documents\NY\project\snakemake2\multimer_flattened\confidence_L755S_lapatinib_model_0_L755S_lapatinib_5_boltz_results_L755S_lapatinib_predictions_L755S_lapatinib.json,confidence_L755S_lapatinib_model_0_L755S_lapatinib_5_boltz_results_L755S_lapatinib_predictions_L755S_lapatinib,L755S_lapatinib,0.9585061073303223,0.6780664920806885,Lapatinib,L755S,Mutant
c:\Users\indef\Documents\NY\project\snakemake2\multimer_flattened\confidence_L755S_lapatinib_model_0_L755S_lapatinib_6_boltz_results_L755S_lapatinib_predictions_L755S_lapatinib.json,confidence_L755S_lapatinib_model_0_L755S_lapatinib_6_boltz_results_L755S_lapatinib_predictions_L755S_lapatinib,L755S_lapatinib,0.9630624055862427,0.672386109828949,Lapatinib,L755S,Mutant
c:\Users\indef\Documents\NY\project\snakemake2\multimer_flattened\confidence_L755S_lapatinib_model_0_L755S_lapatinib_7_boltz_results_L755S_lapatinib_predictions_L755S_lapatinib.json,confidence_L755S_lapatinib_model_0_L755S_lapatinib_7_boltz_results_L755S_lapatinib_predictions_L755S_lapatinib,L755S_lapatinib,0.9575087428092957,0.6296977400779724,Lapatinib,L755S,Mutant
c:\Users\indef\Documents\NY\project\snakemake2\multimer_flattened\confidence_L755S_lapatinib_model_0_L755S_lapatinib_8_boltz_results_L755S_lapatinib_predictions_L755S_lapatinib.json,confidence_L755S_lapatinib_model_0_L755S_lapatinib_8_boltz_results_L755S_lapatinib_predictions_L755S_lapatinib,L755S_lapatinib,0.9541311264038086,0.6408604979515076,Lapatinib,L755S,Mutant
c:\Users\indef\Documents\NY\project\snakemake2\multimer_flattened\confidence_L755S_lapatinib_model_0_L755S_lapatinib_9_boltz_results_L755S_lapatinib_predictions_L755S_lapatinib.json,confidence_L755S_lapatinib_model_0_L755S_lapatinib_9_boltz_results_L755S_lapatinib_predictions_L755S_lapatinib,L755S_lapatinib,0.970146119594574,0.7371461391448975,Lapatinib,L755S,Mutant
c:\Users\indef\Documents\NY\project\snakemake2\multimer_flattened\confidence_S310F_pertuzumab_model_0_S310F_pertuzumab_10_boltz_results_S310F_pertuzumab_predictions_S310F_pertuzumab.json,confidence_S310F_pertuzumab_model_0_S310F_pertuzumab_10_boltz_results_S310F_pertuzumab_predictions_S310F_pertuzumab,S310F_pertuzumab,0.5535213947296143,0.6489096283912659,Pertuzumab,S310F,Mutant
c:\Users\indef\Documents\NY\project\snakemake2\multimer_flattened\confidence_S310F_pertuzumab_model_0_S310F_pertuzumab_11_boltz_results_S310F_pertuzumab_predictions_S310F_pertuzumab.json,confidence_S310F_pertuzumab_model_0_S310F_pertuzumab_11_boltz_results_S310F_pertuzumab_predictions_S310F_pertuzumab,S310F_pertuzumab,0.5327783226966858,0.6480318307876587,Pertuzumab,S310F,Mutant
c:\Users\indef\Documents\NY\project\snakemake2\multimer_flattened\confidence_S310F_pertuzumab_model_0_S310F_pertuzumab_13_boltz_results_S310F_pertuzumab_predictions_S310F_pertuzumab.json,confidence_S310F_pertuzumab_model_0_S310F_pertuzumab_13_boltz_results_S310F_pertuzumab_predictions_S310F_pertuzumab,S310F_pertuzumab,0.5401503443717957,0.6619189977645874,Pertuzumab,S310F,Mutant
c:\Users\indef\Documents\NY\project\snakemake2\multimer_flattened\confidence_S310F_pertuzumab_model_0_S310F_pertuzumab_15_boltz_results_S310F_pertuzumab_predictions_S310F_pertuzumab.json,confidence_S310F_pertuzumab_model_0_S310F_pertuzumab_15_boltz_results_S310F_pertuzumab_predictions_S310F_pertuzumab,S310F_pertuzumab,0.4454350173473358,0.5968270897865295,Pertuzumab,S310F,Mutant
c:\Users\indef\Documents\NY\project\snakemake2\multimer_flattened\confidence_S310F_pertuzumab_model_0_S310F_pertuzumab_16_boltz_results_S310F_pertuzumab_predictions_S310F_pertuzumab.json,confidence_S310F_pertuzumab_model_0_S310F_pertuzumab_16_boltz_results_S310F_pertuzumab_predictions_S310F_pertuzumab,S310F_pertuzumab,0.5237508416175842,0.6335034966468811,Pertuzumab,S310F,Mutant
c:\Users\indef\Documents\NY\project\snakemake2\multimer_flattened\confidence_S310F_pertuzumab_model_0_S310F_pertuzumab_17_boltz_results_S310F_pertuzumab_predictions_S310F_pertuzumab.json,confidence_S310F_pertuzumab_model_0_S310F_pertuzumab_17_boltz_results_S310F_pertuzumab_predictions_S310F_pertuzumab,S310F_pertuzumab,0.5554154515266418,0.6472489833831787,Pertuzumab,S310F,Mutant
c:\Users\indef\Documents\NY\project\snakemake2\multimer_flattened\confidence_S310F_pertuzumab_model_0_S310F_pertuzumab_18_boltz_results_S310F_pertuzumab_predictions_S310F_pertuzumab.json,confidence_S310F_pertuzumab_model_0_S310F_pertuzumab_18_boltz_results_S310F_pertuzumab_predictions_S310F_pertuzumab,S310F_pertuzumab,0.4992372691631317,0.6161417961120605,Pertuzumab,S310F,Mutant
c:\Users\indef\Documents\NY\project\snakemake2\multimer_flattened\confidence_S310F_pertuzumab_model_0_S310F_pertuzumab_1_boltz_results_S310F_pertuzumab_predictions_S310F_pertuzumab.json,confidence_S310F_pertuzumab_model_0_S310F_pertuzumab_1_boltz_results_S310F_pertuzumab_predictions_S310F_pertuzumab,S310F_pertuzumab,0.599989652633667,0.6994534134864807,Pertuzumab,S310F,Mutant
c:\Users\indef\Documents\NY\project\snakemake2\multimer_flattened\confidence_S310F_pertuzumab_model_0_S310F_pertuzumab_20_boltz_results_S310F_pertuzumab_predictions_S310F_pertuzumab.json,confidence_S310F_pertuzumab_model_0_S310F_pertuzumab_20_boltz_results_S310F_pertuzumab_predictions_S310F_pertuzumab,S310F_pertuzumab,0.4807415008544922,0.6278746128082275,Pertuzumab,S310F,Mutant
c:\Users\indef\Documents\NY\project\snakemake2\multimer_flattened\confidence_S310F_pertuzumab_model_0_S310F_pertuzumab_2_boltz_results_S310F_pertuzumab_predictions_S310F_pertuzumab.json,confidence_S310F_pertuzumab_model_0_S310F_pertuzumab_2_boltz_results_S310F_pertuzumab_predictions_S310F_pertuzumab,S310F_pertuzumab,0.542733907699585,0.6488343477249146,Pertuzumab,S310F,Mutant
c:\Users\indef\Documents\NY\project\snakemake2\multimer_flattened\confidence_S310F_pertuzumab_model_0_S310F_pertuzumab_3_boltz_results_S310F_pertuzumab_predictions_S310F_pertuzumab.json,confidence_S310F_pertuzumab_model_0_S310F_pertuzumab_3_boltz_results_S310F_pertuzumab_predictions_S310F_pertuzumab,S310F_pertuzumab,0.5441305637359619,0.6456285715103149,Pertuzumab,S310F,Mutant
c:\Users\indef\Documents\NY\project\snakemake2\multimer_flattened\confidence_S310F_pertuzumab_model_0_S310F_pertuzumab_4_boltz_results_S310F_pertuzumab_predictions_S310F_pertuzumab.json,confidence_S310F_pertuzumab_model_0_S310F_pertuzumab_4_boltz_results_S310F_pertuzumab_predictions_S310F_pertuzumab,S310F_pertuzumab,0.5259202122688293,0.6303551197052002,Pertuzumab,S310F,Mutant
c:\Users\indef\Documents\NY\project\snakemake2\multimer_flattened\confidence_S310F_pertuzumab_model_0_S310F_pertuzumab_5_boltz_results_S310F_pertuzumab_predictions_S310F_pertuzumab.json,confidence_S310F_pertuzumab_model_0_S310F_pertuzumab_5_boltz_results_S310F_pertuzumab_predictions_S310F_pertuzumab,S310F_pertuzumab,0.5777568221092224,0.6695809960365295,Pertuzumab,S310F,Mutant
c:\Users\indef\Documents\NY\project\snakemake2\multimer_flattened\confidence_S310F_pertuzumab_model_0_S310F_pertuzumab_6_boltz_results_S310F_pertuzumab_predictions_S310F_pertuzumab.json,confidence_S310F_pertuzumab_model_0_S310F_pertuzumab_6_boltz_results_S310F_pertuzumab_predictions_S310F_pertuzumab,S310F_pertuzumab,0.4812434911727905,0.6214132308959961,Pertuzumab,S310F,Mutant
c:\Users\indef\Documents\NY\project\snakemake2\multimer_flattened\confidence_S310F_pertuzumab_model_0_S310F_pertuzumab_8_boltz_results_S310F_pertuzumab_predictions_S310F_pertuzumab.json,confidence_S310F_pertuzumab_model_0_S310F_pertuzumab_8_boltz_results_S310F_pertuzumab_predictions_S310F_pertuzumab,S310F_pertuzumab,0.4519478678703308,0.6057668328285217,Pertuzumab,S310F,Mutant
c:\Users\indef\Documents\NY\project\snakemake2\multimer_flattened\confidence_WT_lapatinib_model_0_WT_lapatinib_10_boltz_results_WT_lapatinib_predictions_WT_lapatinib.json,confidence_WT_lapatinib_model_0_WT_lapatinib_10_boltz_results_WT_lapatinib_predictions_WT_lapatinib,WT_lapatinib,0.6731864213943481,0.8556375503540039,Lapatinib,WT,WT
c:\Users\indef\Documents\NY\project\snakemake2\multimer_flattened\confidence_WT_lapatinib_model_0_WT_lapatinib_11_boltz_results_WT_lapatinib_predictions_WT_lapatinib.json,confidence_WT_lapatinib_model_0_WT_lapatinib_11_boltz_results_WT_lapatinib_predictions_WT_lapatinib,WT_lapatinib,0.6244901418685913,0.8509821891784668,Lapatinib,WT,WT
c:\Users\indef\Documents\NY\project\snakemake2\multimer_flattened\confidence_WT_lapatinib_model_0_WT_lapatinib_12_boltz_results_WT_lapatinib_predictions_WT_lapatinib.json,confidence_WT_lapatinib_model_0_WT_lapatinib_12_boltz_results_WT_lapatinib_predictions_WT_lapatinib,WT_lapatinib,0.7573220729827881,0.8660643100738525,Lapatinib,WT,WT
c:\Users\indef\Documents\NY\project\snakemake2\multimer_flattened\confidence_WT_lapatinib_model_0_WT_lapatinib_13_boltz_results_WT_lapatinib_predictions_WT_lapatinib.json,confidence_WT_lapatinib_model_0_WT_lapatinib_13_boltz_results_WT_lapatinib_predictions_WT_lapatinib,WT_lapatinib,0.7137113809585571,0.8606219291687012,Lapatinib,WT,WT
c:\Users\indef\Documents\NY\project\snakemake2\multimer_flattened\confidence_WT_lapatinib_model_0_WT_lapatinib_14_boltz_results_WT_lapatinib_predictions_WT_lapatinib.json,confidence_WT_lapatinib_model_0_WT_lapatinib_14_boltz_results_WT_lapatinib_predictions_WT_lapatinib,WT_lapatinib,0.6488619446754456,0.8582707047462463,Lapatinib,WT,WT
c:\Users\indef\Documents\NY\project\snakemake2\multimer_flattened\confidence_WT_lapatinib_model_0_WT_lapatinib_15_boltz_results_WT_lapatinib_predictions_WT_lapatinib.json,confidence_WT_lapatinib_model_0_WT_lapatinib_15_boltz_results_WT_lapatinib_predictions_WT_lapatinib,WT_lapatinib,0.8536401391029358,0.8762490749359131,Lapatinib,WT,WT
c:\Users\indef\Documents\NY\project\snakemake2\multimer_flattened\confidence_WT_lapatinib_model_0_WT_lapatinib_16_boltz_results_WT_lapatinib_predictions_WT_lapatinib.json,confidence_WT_lapatinib_model_0_WT_lapatinib_16_boltz_results_WT_lapatinib_predictions_WT_lapatinib,WT_lapatinib,0.6279240846633911,0.8447777032852173,Lapatinib,WT,WT
c:\Users\indef\Documents\NY\project\snakemake2\multimer_flattened\confidence_WT_lapatinib_model_0_WT_lapatinib_17_boltz_results_WT_lapatinib_predictions_WT_lapatinib.json,confidence_WT_lapatinib_model_0_WT_lapatinib_17_boltz_results_WT_lapatinib_predictions_WT_lapatinib,WT_lapatinib,0.7326117157936096,0.8569841980934143,Lapatinib,WT,WT
c:\Users\indef\Documents\NY\project\snakemake2\multimer_flattened\confidence_WT_lapatinib_model_0_WT_lapatinib_18_boltz_results_WT_lapatinib_predictions_WT_lapatinib.json,confidence_WT_lapatinib_model_0_WT_lapatinib_18_boltz_results_WT_lapatinib_predictions_WT_lapatinib,WT_lapatinib,0.663245439529419,0.8552548885345459,Lapatinib,WT,WT
c:\Users\indef\Documents\NY\project\snakemake2\multimer_flattened\confidence_WT_lapatinib_model_0_WT_lapatinib_19_boltz_results_WT_lapatinib_predictions_WT_lapatinib.json,confidence_WT_lapatinib_model_0_WT_lapatinib_19_boltz_results_WT_lapatinib_predictions_WT_lapatinib,WT_lapatinib,0.42853257060050964,0.8437749147415161,Lapatinib,WT,WT
c:\Users\indef\Documents\NY\project\snakemake2\multimer_flattened\confidence_WT_lapatinib_model_0_WT_lapatinib_1_boltz_results_WT_lapatinib_predictions_WT_lapatinib.json,confidence_WT_lapatinib_model_0_WT_lapatinib_1_boltz_results_WT_lapatinib_predictions_WT_lapatinib,WT_lapatinib,0.8388223052024841,0.874748945236206,Lapatinib,WT,WT
c:\Users\indef\Documents\NY\project\snakemake2\multimer_flattened\confidence_WT_lapatinib_model_0_WT_lapatinib_20_boltz_results_WT_lapatinib_predictions_WT_lapatinib.json,confidence_WT_lapatinib_model_0_WT_lapatinib_20_boltz_results_WT_lapatinib_predictions_WT_lapatinib,WT_lapatinib,0.26332077383995056,0.8369673490524292,Lapatinib,WT,WT
c:\Users\indef\Documents\NY\project\snakemake2\multimer_flattened\confidence_WT_lapatinib_model_0_WT_lapatinib_2_boltz_results_WT_lapatinib_predictions_WT_lapatinib.json,confidence_WT_lapatinib_model_0_WT_lapatinib_2_boltz_results_WT_lapatinib_predictions_WT_lapatinib,WT_lapatinib,0.5648527145385742,0.8481976389884949,Lapatinib,WT,WT
c:\Users\indef\Documents\NY\project\snakemake2\multimer_flattened\confidence_WT_lapatinib_model_0_WT_lapatinib_3_boltz_results_WT_lapatinib_predictions_WT_lapatinib.json,confidence_WT_lapatinib_model_0_WT_lapatinib_3_boltz_results_WT_lapatinib_predictions_WT_lapatinib,WT_lapatinib,0.5340917110443115,0.8521235585212708,Lapatinib,WT,WT
c:\Users\indef\Documents\NY\project\snakemake2\multimer_flattened\confidence_WT_lapatinib_model_0_WT_lapatinib_4_boltz_results_WT_lapatinib_predictions_WT_lapatinib.json,confidence_WT_lapatinib_model_0_WT_lapatinib_4_boltz_results_WT_lapatinib_predictions_WT_lapatinib,WT_lapatinib,0.6527287364006042,0.8519769906997681,Lapatinib,WT,WT
c:\Users\indef\Documents\NY\project\snakemake2\multimer_flattened\confidence_WT_lapatinib_model_0_WT_lapatinib_5_boltz_results_WT_lapatinib_predictions_WT_lapatinib.json,confidence_WT_lapatinib_model_0_WT_lapatinib_5_boltz_results_WT_lapatinib_predictions_WT_lapatinib,WT_lapatinib,0.7380878329277039,0.8685384392738342,Lapatinib,WT,WT
c:\Users\indef\Documents\NY\project\snakemake2\multimer_flattened\confidence_WT_lapatinib_model_0_WT_lapatinib_6_boltz_results_WT_lapatinib_predictions_WT_lapatinib.json,confidence_WT_lapatinib_model_0_WT_lapatinib_6_boltz_results_WT_lapatinib_predictions_WT_lapatinib,WT_lapatinib,0.7777294516563416,0.86748868227005,Lapatinib,WT,WT
c:\Users\indef\Documents\NY\project\snakemake2\multimer_flattened\confidence_WT_lapatinib_model_0_WT_lapatinib_7_boltz_results_WT_lapatinib_predictions_WT_lapatinib.json,confidence_WT_lapatinib_model_0_WT_lapatinib_7_boltz_results_WT_lapatinib_predictions_WT_lapatinib,WT_lapatinib,0.6284609436988831,0.8547302484512329,Lapatinib,WT,WT
c:\Users\indef\Documents\NY\project\snakemake2\multimer_flattened\confidence_WT_lapatinib_model_0_WT_lapatinib_8_boltz_results_WT_lapatinib_predictions_WT_lapatinib.json,confidence_WT_lapatinib_model_0_WT_lapatinib_8_boltz_results_WT_lapatinib_predictions_WT_lapatinib,WT_lapatinib,0.7805728316307068,0.8713468909263611,Lapatinib,WT,WT
c:\Users\indef\Documents\NY\project\snakemake2\multimer_flattened\confidence_WT_lapatinib_model_0_WT_lapatinib_9_boltz_results_WT_lapatinib_predictions_WT_lapatinib.json,confidence_WT_lapatinib_model_0_WT_lapatinib_9_boltz_results_WT_lapatinib_predictions_WT_lapatinib,WT_lapatinib,0.6879269480705261,0.8675817251205444,Lapatinib,WT,WT
c:\Users\indef\Documents\NY\project\snakemake2\multimer_flattened\confidence_WT_pertuzumab_model_0_WT_pertuzumab_10_boltz_results_WT_pertuzumab_predictions_WT_pertuzumab.json,confidence_WT_pertuzumab_model_0_WT_pertuzumab_10_boltz_results_WT_pertuzumab_predictions_WT_pertuzumab,WT_pertuzumab,0.4459436237812042,0.5980537533760071,Pertuzumab,WT,WT
c:\Users\indef\Documents\NY\project\snakemake2\multimer_flattened\confidence_WT_pertuzumab_model_0_WT_pertuzumab_11_boltz_results_WT_pertuzumab_predictions_WT_pertuzumab.json,confidence_WT_pertuzumab_model_0_WT_pertuzumab_11_boltz_results_WT_pertuzumab_predictions_WT_pertuzumab,WT_pertuzumab,0.4484620690345764,0.5988209247589111,Pertuzumab,WT,WT
c:\Users\indef\Documents\NY\project\snakemake2\multimer_flattened\confidence_WT_pertuzumab_model_0_WT_pertuzumab_13_boltz_results_WT_pertuzumab_predictions_WT_pertuzumab.json,confidence_WT_pertuzumab_model_0_WT_pertuzumab_13_boltz_results_WT_pertuzumab_predictions_WT_pertuzumab,WT_pertuzumab,0.4243558347225189,0.5889273881912231,Pertuzumab,WT,WT
c:\Users\indef\Documents\NY\project\snakemake2\multimer_flattened\confidence_WT_pertuzumab_model_0_WT_pertuzumab_14_boltz_results_WT_pertuzumab_predictions_WT_pertuzumab.json,confidence_WT_pertuzumab_model_0_WT_pertuzumab_14_boltz_results_WT_pertuzumab_predictions_WT_pertuzumab,WT_pertuzumab,0.5795420408248901,0.6971830725669861,Pertuzumab,WT,WT
c:\Users\indef\Documents\NY\project\snakemake2\multimer_flattened\confidence_WT_pertuzumab_model_0_WT_pertuzumab_15_boltz_results_WT_pertuzumab_predictions_WT_pertuzumab.json,confidence_WT_pertuzumab_model_0_WT_pertuzumab_15_boltz_results_WT_pertuzumab_predictions_WT_pertuzumab,WT_pertuzumab,0.3835766017436981,0.5582888722419739,Pertuzumab,WT,WT
c:\Users\indef\Documents\NY\project\snakemake2\multimer_flattened\confidence_WT_pertuzumab_model_0_WT_pertuzumab_16_boltz_results_WT_pertuzumab_predictions_WT_pertuzumab.json,confidence_WT_pertuzumab_model_0_WT_pertuzumab_16_boltz_results_WT_pertuzumab_predictions_WT_pertuzumab,WT_pertuzumab,0.4188344478607178,0.5784288048744202,Pertuzumab,WT,WT
c:\Users\indef\Documents\NY\project\snakemake2\multimer_flattened\confidence_WT_pertuzumab_model_0_WT_pertuzumab_17_boltz_results_WT_pertuzumab_predictions_WT_pertuzumab.json,confidence_WT_pertuzumab_model_0_WT_pertuzumab_17_boltz_results_WT_pertuzumab_predictions_WT_pertuzumab,WT_pertuzumab,0.4942608177661896,0.6134131550788879,Pertuzumab,WT,WT
c:\Users\indef\Documents\NY\project\snakemake2\multimer_flattened\confidence_WT_pertuzumab_model_0_WT_pertuzumab_18_boltz_results_WT_pertuzumab_predictions_WT_pertuzumab.json,confidence_WT_pertuzumab_model_0_WT_pertuzumab_18_boltz_results_WT_pertuzumab_predictions_WT_pertuzumab,WT_pertuzumab,0.4527640640735626,0.6032905578613281,Pertuzumab,WT,WT
c:\Users\indef\Documents\NY\project\snakemake2\multimer_flattened\confidence_WT_pertuzumab_model_0_WT_pertuzumab_19_boltz_results_WT_pertuzumab_predictions_WT_pertuzumab.json,confidence_WT_pertuzumab_model_0_WT_pertuzumab_19_boltz_results_WT_pertuzumab_predictions_WT_pertuzumab,WT_pertuzumab,0.4267531633377075,0.5906992554664612,Pertuzumab,WT,WT
c:\Users\indef\Documents\NY\project\snakemake2\multimer_flattened\confidence_WT_pertuzumab_model_0_WT_pertuzumab_1_boltz_results_WT_pertuzumab_predictions_WT_pertuzumab.json,confidence_WT_pertuzumab_model_0_WT_pertuzumab_1_boltz_results_WT_pertuzumab_predictions_WT_pertuzumab,WT_pertuzumab,0.4609784781932831,0.6094712018966675,Pertuzumab,WT,WT
c:\Users\indef\Documents\NY\project\snakemake2\multimer_flattened\confidence_WT_pertuzumab_model_0_WT_pertuzumab_20_boltz_results_WT_pertuzumab_predictions_WT_pertuzumab.json,confidence_WT_pertuzumab_model_0_WT_pertuzumab_20_boltz_results_WT_pertuzumab_predictions_WT_pertuzumab,WT_pertuzumab,0.45687025785446167,0.6079318523406982,Pertuzumab,WT,WT
c:\Users\indef\Documents\NY\project\snakemake2\multimer_flattened\confidence_WT_pertuzumab_model_0_WT_pertuzumab_2_boltz_results_WT_pertuzumab_predictions_WT_pertuzumab.json,confidence_WT_pertuzumab_model_0_WT_pertuzumab_2_boltz_results_WT_pertuzumab_predictions_WT_pertuzumab,WT_pertuzumab,0.4485224485397339,0.6024946570396423,Pertuzumab,WT,WT
c:\Users\indef\Documents\NY\project\snakemake2\multimer_flattened\confidence_WT_pertuzumab_model_0_WT_pertuzumab_3_boltz_results_WT_pertuzumab_predictions_WT_pertuzumab.json,confidence_WT_pertuzumab_model_0_WT_pertuzumab_3_boltz_results_WT_pertuzumab_predictions_WT_pertuzumab,WT_pertuzumab,0.42905059456825256,0.5872658491134644,Pertuzumab,WT,WT
c:\Users\indef\Documents\NY\project\snakemake2\multimer_flattened\confidence_WT_pertuzumab_model_0_WT_pertuzumab_5_boltz_results_WT_pertuzumab_predictions_WT_pertuzumab.json,confidence_WT_pertuzumab_model_0_WT_pertuzumab_5_boltz_results_WT_pertuzumab_predictions_WT_pertuzumab,WT_pertuzumab,0.4001573324203491,0.573671817779541,Pertuzumab,WT,WT
c:\Users\indef\Documents\NY\project\snakemake2\multimer_flattened\confidence_WT_pertuzumab_model_0_WT_pertuzumab_6_boltz_results_WT_pertuzumab_predictions_WT_pertuzumab.json,confidence_WT_pertuzumab_model_0_WT_pertuzumab_6_boltz_results_WT_pertuzumab_predictions_WT_pertuzumab,WT_pertuzumab,0.41950523853302,0.5866576433181763,Pertuzumab,WT,WT
c:\Users\indef\Documents\NY\project\snakemake2\multimer_flattened\confidence_WT_pertuzumab_model_0_WT_pertuzumab_7_boltz_results_WT_pertuzumab_predictions_WT_pertuzumab.json,confidence_WT_pertuzumab_model_0_WT_pertuzumab_7_boltz_results_WT_pertuzumab_predictions_WT_pertuzumab,WT_pertuzumab,0.40047958493232727,0.5712714195251465,Pertuzumab,WT,WT
c:\Users\indef\Documents\NY\project\snakemake2\multimer_flattened\confidence_WT_pertuzumab_model_0_WT_pertuzumab_8_boltz_results_WT_pertuzumab_predictions_WT_pertuzumab.json,confidence_WT_pertuzumab_model_0_WT_pertuzumab_8_boltz_results_WT_pertuzumab_predictions_WT_pertuzumab,WT_pertuzumab,0.4628249704837799,0.6137774586677551,Pertuzumab,WT,WT
c:\Users\indef\Documents\NY\project\snakemake2\multimer_flattened\confidence_WT_pertuzumab_model_0_WT_pertuzumab_9_boltz_results_WT_pertuzumab_predictions_WT_pertuzumab.json,confidence_WT_pertuzumab_model_0_WT_pertuzumab_9_boltz_results_WT_pertuzumab_predictions_WT_pertuzumab,WT_pertuzumab,0.5138477087020874,0.6274324655532837,Pertuzumab,WT,WT
c:\Users\indef\Documents\NY\project\snakemake2\multimer_flattened\confidence_WT_trastuzumab_model_0_WT_trastuzumab_10_boltz_results_WT_trastuzumab_predictions_WT_trastuzumab.json,confidence_WT_trastuzumab_model_0_WT_trastuzumab_10_boltz_results_WT_trastuzumab_predictions_WT_trastuzumab,WT_trastuzumab,0.5179823637008667,0.6168174147605896,Trastuzumab,WT,WT
c:\Users\indef\Documents\NY\project\snakemake2\multimer_flattened\confidence_WT_trastuzumab_model_0_WT_trastuzumab_11_boltz_results_WT_trastuzumab_predictions_WT_trastuzumab.json,confidence_WT_trastuzumab_model_0_WT_trastuzumab_11_boltz_results_WT_trastuzumab_predictions_WT_trastuzumab,WT_trastuzumab,0.49690136313438416,0.6100979447364807,Trastuzumab,WT,WT
c:\Users\indef\Documents\NY\project\snakemake2\multimer_flattened\confidence_WT_trastuzumab_model_0_WT_trastuzumab_12_boltz_results_WT_trastuzumab_predictions_WT_trastuzumab.json,confidence_WT_trastuzumab_model_0_WT_trastuzumab_12_boltz_results_WT_trastuzumab_predictions_WT_trastuzumab,WT_trastuzumab,0.508587658405304,0.615727424621582,Trastuzumab,WT,WT
c:\Users\indef\Documents\NY\project\snakemake2\multimer_flattened\confidence_WT_trastuzumab_model_0_WT_trastuzumab_13_boltz_results_WT_trastuzumab_predictions_WT_trastuzumab.json,confidence_WT_trastuzumab_model_0_WT_trastuzumab_13_boltz_results_WT_trastuzumab_predictions_WT_trastuzumab,WT_trastuzumab,0.5086950659751892,0.6182994246482849,Trastuzumab,WT,WT
c:\Users\indef\Documents\NY\project\snakemake2\multimer_flattened\confidence_WT_trastuzumab_model_0_WT_trastuzumab_14_boltz_results_WT_trastuzumab_predictions_WT_trastuzumab.json,confidence_WT_trastuzumab_model_0_WT_trastuzumab_14_boltz_results_WT_trastuzumab_predictions_WT_trastuzumab,WT_trastuzumab,0.4300236105918884,0.5906246304512024,Trastuzumab,WT,WT
c:\Users\indef\Documents\NY\project\snakemake2\multimer_flattened\confidence_WT_trastuzumab_model_0_WT_trastuzumab_15_boltz_results_WT_trastuzumab_predictions_WT_trastuzumab.json,confidence_WT_trastuzumab_model_0_WT_trastuzumab_15_boltz_results_WT_trastuzumab_predictions_WT_trastuzumab,WT_trastuzumab,0.36531567573547363,0.5493505001068115,Trastuzumab,WT,WT
c:\Users\indef\Documents\NY\project\snakemake2\multimer_flattened\confidence_WT_trastuzumab_model_0_WT_trastuzumab_16_boltz_results_WT_trastuzumab_predictions_WT_trastuzumab.json,confidence_WT_trastuzumab_model_0_WT_trastuzumab_16_boltz_results_WT_trastuzumab_predictions_WT_trastuzumab,WT_trastuzumab,0.5310455560684204,0.6314228773117065,Trastuzumab,WT,WT
c:\Users\indef\Documents\NY\project\snakemake2\multimer_flattened\confidence_WT_trastuzumab_model_0_WT_trastuzumab_17_boltz_results_WT_trastuzumab_predictions_WT_trastuzumab.json,confidence_WT_trastuzumab_model_0_WT_trastuzumab_17_boltz_results_WT_trastuzumab_predictions_WT_trastuzumab,WT_trastuzumab,0.5130099654197693,0.6196330785751343,Trastuzumab,WT,WT
c:\Users\indef\Documents\NY\project\snakemake2\multimer_flattened\confidence_WT_trastuzumab_model_0_WT_trastuzumab_19_boltz_results_WT_trastuzumab_predictions_WT_trastuzumab.json,confidence_WT_trastuzumab_model_0_WT_trastuzumab_19_boltz_results_WT_trastuzumab_predictions_WT_trastuzumab,WT_trastuzumab,0.4757354259490967,0.6160582304000854,Trastuzumab,WT,WT
c:\Users\indef\Documents\NY\project\snakemake2\multimer_flattened\confidence_WT_trastuzumab_model_0_WT_trastuzumab_1_boltz_results_WT_trastuzumab_predictions_WT_trastuzumab.json,confidence_WT_trastuzumab_model_0_WT_trastuzumab_1_boltz_results_WT_trastuzumab_predictions_WT_trastuzumab,WT_trastuzumab,0.4330016076564789,0.5670936703681946,Trastuzumab,WT,WT
c:\Users\indef\Documents\NY\project\snakemake2\multimer_flattened\confidence_WT_trastuzumab_model_0_WT_trastuzumab_2_boltz_results_WT_trastuzumab_predictions_WT_trastuzumab.json,confidence_WT_trastuzumab_model_0_WT_trastuzumab_2_boltz_results_WT_trastuzumab_predictions_WT_trastuzumab,WT_trastuzumab,0.5177282094955444,0.62117999792099,Trastuzumab,WT,WT
c:\Users\indef\Documents\NY\project\snakemake2\multimer_flattened\confidence_WT_trastuzumab_model_0_WT_trastuzumab_3_boltz_results_WT_trastuzumab_predictions_WT_trastuzumab.json,confidence_WT_trastuzumab_model_0_WT_trastuzumab_3_boltz_results_WT_trastuzumab_predictions_WT_trastuzumab,WT_trastuzumab,0.5230952501296997,0.6209675669670105,Trastuzumab,WT,WT
c:\Users\indef\Documents\NY\project\snakemake2\multimer_flattened\confidence_WT_trastuzumab_model_0_WT_trastuzumab_4_boltz_results_WT_trastuzumab_predictions_WT_trastuzumab.json,confidence_WT_trastuzumab_model_0_WT_trastuzumab_4_boltz_results_WT_trastuzumab_predictions_WT_trastuzumab,WT_trastuzumab,0.4868234694004059,0.6084018349647522,Trastuzumab,WT,WT
c:\Users\indef\Documents\NY\project\snakemake2\multimer_flattened\confidence_WT_trastuzumab_model_0_WT_trastuzumab_5_boltz_results_WT_trastuzumab_predictions_WT_trastuzumab.json,confidence_WT_trastuzumab_model_0_WT_trastuzumab_5_boltz_results_WT_trastuzumab_predictions_WT_trastuzumab,WT_trastuzumab,0.4513627886772156,0.593374490737915,Trastuzumab,WT,WT
c:\Users\indef\Documents\NY\project\snakemake2\multimer_flattened\confidence_WT_trastuzumab_model_0_WT_trastuzumab_6_boltz_results_WT_trastuzumab_predictions_WT_trastuzumab.json,confidence_WT_trastuzumab_model_0_WT_trastuzumab_6_boltz_results_WT_trastuzumab_predictions_WT_trastuzumab,WT_trastuzumab,0.5505876541137695,0.6325520277023315,Trastuzumab,WT,WT
c:\Users\indef\Documents\NY\project\snakemake2\multimer_flattened\confidence_WT_trastuzumab_model_0_WT_trastuzumab_7_boltz_results_WT_trastuzumab_predictions_WT_trastuzumab.json,confidence_WT_trastuzumab_model_0_WT_trastuzumab_7_boltz_results_WT_trastuzumab_predictions_WT_trastuzumab,WT_trastuzumab,0.5461276173591614,0.6287103295326233,Trastuzumab,WT,WT
c:\Users\indef\Documents\NY\project\snakemake2\multimer_flattened\confidence_WT_trastuzumab_model_0_WT_trastuzumab_8_boltz_results_WT_trastuzumab_predictions_WT_trastuzumab.json,confidence_WT_trastuzumab_model_0_WT_trastuzumab_8_boltz_results_WT_trastuzumab_predictions_WT_trastuzumab,WT_trastuzumab,0.5394638776779175,0.6385838985443115,Trastuzumab,WT,WT
